"date","n","mnfear","mnjoy","mnsadness"
"2019-06-01",9975,0.0578627381428264,0.505909429573574,0.155832213865614
"2019-06-02",9966,0.0594406656052859,0.48110002451161,0.155412114278326
"2019-06-03",9972,0.0581718904985151,0.511456227026127,0.145507827652285
"2019-06-04",9966,0.0556384689904343,0.505332646592747,0.139572278113184
"2019-06-05",9976,0.0579298326837428,0.509903933873951,0.144840886799193
"2019-06-06",9978,0.0595494819538769,0.504225960003505,0.148298453038457
"2019-06-07",9965,0.0588713279559335,0.504965562480308,0.146386552015338
"2019-06-08",9979,0.0563888178434765,0.511848839370876,0.145405151759251
"2019-06-09",9981,0.0575704095340486,0.48772496663202,0.149580392586576
"2019-06-10",9982,0.0586399729877529,0.504549386569248,0.148380280811893
"2019-06-11",9980,0.0565050921745819,0.486058019138551,0.155341642433059
"2019-06-12",9975,0.0580801706202299,0.492903295440829,0.151374048552112
"2019-06-13",9976,0.0604861576727286,0.504137707741619,0.142749558675049
"2019-06-14",9971,0.0584980499303688,0.515404508968867,0.139860463039799
"2019-06-15",9978,0.0598406037315726,0.499609920710286,0.148631658965348
"2019-06-16",9967,0.0586230501864935,0.499128274794775,0.149639848600824
"2019-06-17",9987,0.0596046349540091,0.500072958035561,0.144988062700989
"2019-06-18",9977,0.0599933072123732,0.49833258256658,0.142768320371588
"2019-06-19",9978,0.058728288591005,0.505468800816211,0.145794804466374
"2019-06-20",9978,0.0587061449425646,0.502684282773634,0.142703747757232
"2019-06-21",9978,0.0700595660145353,0.4987822725934,0.141343568856741
"2019-06-22",9977,0.0640527813192955,0.490828158616374,0.143544635766408
"2019-06-23",9974,0.0620007043052802,0.487433196142472,0.148281151487318
"2019-06-24",9970,0.061031412570401,0.487227531625243,0.150148995915171
"2019-06-25",9967,0.0576688281193013,0.496450996317172,0.151350508457268
"2019-06-26",9970,0.0602274940714054,0.490161672464599,0.147343158075159
"2019-06-27",9984,0.0581283324660058,0.502802436440695,0.14025343110067
"2019-06-28",9977,0.0573560210929147,0.525761905370691,0.136103062335534
"2019-06-29",9972,0.0555329223631673,0.514303544889833,0.143550076664861
"2019-06-30",9980,0.0550616002974854,0.487066389337778,0.146976093887288
"2019-07-01",9975,0.0577182078595684,0.512384928199042,0.144452443492837
"2019-07-02",9981,0.055679118716086,0.491993119101271,0.145349226533849
"2019-07-03",9971,0.0544754075373778,0.504224925725771,0.14115565103566
"2019-07-04",9974,0.0596869495024004,0.511042775357805,0.14387347090068
"2019-07-05",9984,0.0530761323607206,0.518387044113268,0.137873047680165
"2019-07-06",9980,0.0591883713233866,0.509710740487412,0.141186144292814
"2019-07-07",10053,0.0590680813619306,0.48599942491254,0.156296039428388
"2019-07-08",9978,0.0585878224640594,0.50162180919791,0.14577856727342
"2019-07-09",9981,0.0569677705170794,0.483812505243615,0.148783401767999
"2019-07-10",9981,0.0580179718785552,0.490189747932487,0.148812418225602
"2019-07-11",9981,0.0587195724979745,0.488404551361335,0.141340337849483
"2019-07-12",9981,0.0534122628154602,0.532884836454988,0.136611885698187
"2019-07-13",9983,0.0532834045097327,0.506744315636783,0.141702118377154
"2019-07-14",9973,0.0585483223568263,0.498336486985223,0.145574563772496
"2019-07-15",9972,0.0543318981960605,0.506649253251163,0.141724689423889
"2019-07-16",9967,0.0583604038159465,0.496597789489444,0.141346565502866
"2019-07-17",9982,0.0577798494737056,0.491681308505193,0.136787449761454
"2019-07-18",9981,0.0642577298178034,0.48961556072362,0.145818597052486
"2019-07-19",9983,0.0592601393661014,0.50831572119681,0.141680844797517
"2019-07-20",9975,0.0571118679119596,0.504328785967438,0.147280262876442
"2019-07-21",9971,0.0584832795305194,0.492755256720787,0.149126950470777
"2019-07-22",9980,0.058462943216296,0.501372299183533,0.14305529189744
"2019-07-23",9983,0.0623357694549354,0.458451225753377,0.148878992900548
"2019-07-24",9972,0.0672899131867548,0.478123284207227,0.148600651727357
"2019-07-25",9978,0.0669648986071861,0.472658874726077,0.153447331762995
"2019-07-26",9976,0.0612681161780325,0.491959311752138,0.148407520681629
"2019-07-27",9967,0.0575818278312978,0.48532736830129,0.149143728977569
"2019-07-28",9975,0.059107641846643,0.477133003720713,0.154653669995627
"2019-07-29",9985,0.0637547246410624,0.478353347469641,0.149289387386536
"2019-07-30",9969,0.0598630905222368,0.485365975691358,0.147461342540575
"2019-07-31",9970,0.0626122779550403,0.485637458344486,0.148882883703458
"2019-08-01",9975,0.0560915110323854,0.50701674236273,0.146176457770652
"2019-08-02",9973,0.0567321302510598,0.497428382468911,0.141845117668588
"2019-08-03",9975,0.0563997852256613,0.50411299196523,0.146357961800311
"2019-08-04",9968,0.0706048748994351,0.475351563353898,0.152958367703575
"2019-08-05",9965,0.0627178755790702,0.473421880402103,0.153608878522261
"2019-08-06",9976,0.0644521042539341,0.475029631738137,0.149915323373487
"2019-08-07",9983,0.0623150603789519,0.481913295398677,0.150420656564855
"2019-08-08",9979,0.0625916262133136,0.481107225787941,0.155560407886326
"2019-08-09",9986,0.0582410912076135,0.503392803903373,0.149371215668079
"2019-08-10",9982,0.0601970046272488,0.490572113348897,0.150945045493304
"2019-08-11",9976,0.0613276050380934,0.47800961030743,0.152877042089963
"2019-08-12",9979,0.0593033850929051,0.492484517682565,0.143903996938161
"2019-08-13",9977,0.0611714467485787,0.48524303441738,0.148334359405608
"2019-08-14",9977,0.0611791440051243,0.489497561091686,0.15612852424224
"2019-08-15",9979,0.0650302244184324,0.491895486731832,0.144249419753602
"2019-08-16",9979,0.0611096449374456,0.496006756913827,0.147890613879658
"2019-08-17",9962,0.0541008449365743,0.495389116548621,0.144616540400516
"2019-08-18",9971,0.0627189165258723,0.464022867691546,0.160290803913985
"2019-08-19",9979,0.0662408439438205,0.490383242095213,0.145909658240657
"2019-08-20",9980,0.0617077320016081,0.479353995032581,0.148360739493923
"2019-08-21",9973,0.0607696982018965,0.485317767406796,0.148419076263734
"2019-08-22",9975,0.0587423210084919,0.503054965781661,0.146655999318379
"2019-08-23",9961,0.0600868715034951,0.508703933788113,0.145624433318455
"2019-08-24",9978,0.0579853316616549,0.513127381428437,0.145665398308009
"2019-08-25",9982,0.0591898391667131,0.485149541973387,0.153263795115048
"2019-08-26",9970,0.0593225873702515,0.493782805131825,0.146762630660176
"2019-08-27",9977,0.0602220866739958,0.485638552755706,0.152937088396708
"2019-08-28",9977,0.064663311856059,0.4444874030595,0.156094032439843
"2019-08-29",9978,0.0637459533704217,0.463080589040369,0.148226517626009
"2019-08-30",9975,0.060152747712517,0.506338121309421,0.13725412384817
"2019-08-31",9976,0.060220025423631,0.479941887753052,0.151979435229614
"2019-09-01",9973,0.0644752583832274,0.468856041424046,0.154102191220175
"2019-09-02",9971,0.062677885015662,0.482806481899375,0.150444627318416
"2019-09-03",9983,0.0632232891432806,0.465760382246403,0.143659643460078
"2019-09-04",9979,0.0628073124688309,0.469062000001174,0.148696301711773
"2019-09-05",9980,0.0595627588595724,0.47998536820855,0.144148670379324
"2019-09-06",9987,0.059193277431553,0.482487828955341,0.147246492259791
"2019-09-07",9975,0.0573089447769921,0.49846911759156,0.140102184834729
"2019-09-08",9974,0.0598136507920434,0.466869344002066,0.146955709949754
"2019-09-09",9978,0.0603473009934232,0.491641842478109,0.145299317527249
"2019-09-10",9983,0.0629043302949213,0.478948884432812,0.153241264959793
"2019-09-11",9976,0.0617524781613634,0.469750101731537,0.145879587110891
"2019-09-12",9986,0.0629168360699675,0.486213367609934,0.144048639898831
"2019-09-13",9984,0.0561460134599627,0.517134823018223,0.136111943745537
"2019-09-14",9978,0.0560529825706069,0.499963928274219,0.142639390007709
"2019-09-15",9974,0.0609839938728044,0.485935908441243,0.150632887939689
"2019-09-16",9978,0.0610374034161473,0.487443194357794,0.147292069595113
"2019-09-17",9982,0.0610345545334951,0.495973587941151,0.14154972601577
"2019-09-18",9981,0.0592980579308655,0.489803485644863,0.146367280005331
"2019-09-19",9972,0.0584828762983535,0.486256775808586,0.146366576708967
"2019-09-20",9983,0.0603443535091225,0.52578464218078,0.132440532046596
"2019-09-21",9974,0.0568683231256571,0.498618429846015,0.144420232425359
"2019-09-22",9969,0.0569689750945825,0.477626835398284,0.154813023725671
"2019-09-23",9980,0.0607873793510125,0.471116348471765,0.165949163932604
"2019-09-24",9978,0.0637249099651304,0.436841509524106,0.154892366677713
"2019-09-25",9982,0.0592432727753133,0.471299265907248,0.140702368973272
"2019-09-26",9970,0.0604971298545556,0.472711846879859,0.147777576803184
"2019-09-27",9977,0.0666123874653441,0.491505988007299,0.144360177181202
"2019-09-28",9973,0.0573628045019812,0.494550392646798,0.144354534881523
"2019-09-29",9969,0.0618115880171879,0.47541136750571,0.147823054896706
"2019-09-30",9975,0.0598301455650752,0.489580872885852,0.141136828832828
"2019-10-01",9979,0.0596888623387883,0.491805143276131,0.145571307095873
"2019-10-02",9982,0.0598160234924157,0.482750070431692,0.148470524366732
"2019-10-03",9981,0.0600455686968549,0.508801684915627,0.143682102694602
"2019-10-04",9976,0.0589200323227264,0.506867279359589,0.144708728711955
"2019-10-05",9974,0.058988895993026,0.503732741858143,0.142524712877889
"2019-10-06",9970,0.0564141901411809,0.482576307775502,0.152395894574275
"2019-10-07",9972,0.0621694943260179,0.485844462659625,0.154447915591666
"2019-10-08",9974,0.0657752761624685,0.480899180974956,0.149708200135026
"2019-10-09",9974,0.0589080785991103,0.489046484995272,0.144958102347508
"2019-10-10",9984,0.0636628954078636,0.489940662108782,0.158404553817456
"2019-10-11",9981,0.060982980265059,0.504481147433709,0.140475997874645
"2019-10-12",9969,0.0587190305965666,0.509780844001899,0.15063153903121
"2019-10-13",9968,0.0591401845208412,0.482172709637119,0.151166187940244
"2019-10-14",9967,0.0614700240375952,0.48919034914396,0.15049797319167
"2019-10-15",9982,0.0619900205771475,0.490866580017592,0.141237376071258
"2019-10-16",9978,0.0595516447818633,0.491906307369608,0.142860821154218
"2019-10-17",9974,0.0647681610113886,0.471892923968944,0.147153353034023
"2019-10-18",9976,0.0588002521096235,0.495390486281911,0.143378759200778
"2019-10-19",9978,0.0575204864908498,0.485623864125237,0.147514599080958
"2019-10-20",9973,0.0556268630439515,0.467782137570939,0.147240715148509
"2019-10-21",9983,0.0607198654406814,0.481044713592713,0.148075097165443
"2019-10-22",9980,0.0605993877002207,0.484375616898097,0.146888676273216
"2019-10-23",9972,0.0617699170104104,0.481116877487232,0.147813854736665
"2019-10-24",9982,0.0596524806273182,0.49273572260811,0.146521460090776
"2019-10-25",9972,0.062649335008023,0.501008235489679,0.145301059170029
"2019-10-26",9979,0.0647408816687148,0.50745238869565,0.14623059056083
"2019-10-27",9981,0.0576660850781419,0.488281847571656,0.150841199146111
"2019-10-28",9972,0.0655463613180156,0.479160935207827,0.158195489905356
"2019-10-29",9981,0.0607176900388231,0.475703839440197,0.152663110974615
"2019-10-30",9975,0.0638728128777517,0.467395459291289,0.155576092145922
"2019-10-31",9974,0.0707358513715195,0.501560201149754,0.140045407230016
"2019-11-01",9982,0.0611456033940209,0.510235510248696,0.146834165728962
"2019-11-02",9979,0.0603038936062994,0.481120206583737,0.152981246614347
"2019-11-03",9980,0.0549260854294456,0.460242207159743,0.159300310393275
"2019-11-04",9972,0.0595470799429625,0.486708931990141,0.148350040970888
"2019-11-05",9979,0.0609506731609127,0.47683379693963,0.150281505849332
"2019-11-06",9976,0.0614582377518209,0.472551896409733,0.148253505853489
"2019-11-07",9975,0.0596887524720085,0.476741517440493,0.152355722521775
"2019-11-08",9969,0.0567018481778609,0.507162220307214,0.137507575491626
"2019-11-09",9979,0.0537716875668483,0.49103007234629,0.150136505803935
"2019-11-10",9973,0.0548818103145003,0.478221909843927,0.156433336333909
"2019-11-11",9985,0.0593539149069949,0.481255340167523,0.154136110358752
"2019-11-12",9972,0.0598162693056504,0.484669718969089,0.145690673252513
"2019-11-13",9974,0.0588069503909062,0.494268926398166,0.141586403478086
"2019-11-14",9975,0.0599996551412612,0.493967581852829,0.152696191672724
"2019-11-15",9986,0.0568325504271648,0.501761585038337,0.145048991982507
"2019-11-16",9979,0.0592362314856606,0.485240785785726,0.15339319552727
"2019-11-17",9970,0.0588480768948765,0.482278490666704,0.147145223165414
"2019-11-18",9974,0.0592984618297267,0.495404429213864,0.144819620845481
"2019-11-19",9976,0.0611729569219193,0.503900132230483,0.141738525785657
"2019-11-20",9980,0.0578300915541767,0.478862412744969,0.150336839689909
"2019-11-21",9980,0.0603533066579146,0.477708008121735,0.146590321317767
"2019-11-22",9980,0.0552861604461622,0.501405170503903,0.146069221282616
"2019-11-23",9983,0.0552998266448625,0.477920190028289,0.15218880609762
"2019-11-24",9961,0.0598120012974542,0.459432106016453,0.150071189769629
"2019-11-25",9980,0.0622091051120577,0.472665838648749,0.152478748570345
"2019-11-26",9972,0.0601802182295018,0.46133134116459,0.154309461640108
"2019-11-27",9984,0.0624240829185848,0.46901746024268,0.156750038339968
"2019-11-28",9977,0.0559823528528584,0.495449082077899,0.144894814923499
"2019-11-29",9978,0.0540312058072898,0.506146588808884,0.145486553353655
"2019-11-30",9969,0.0748663628614478,0.483923605952693,0.148496297053856
"2019-12-01",9974,0.0705142054772968,0.474843184468611,0.152210808598862
"2019-12-02",9977,0.0652683104702038,0.496287471849843,0.149888274135025
"2019-12-03",9976,0.0612280120581407,0.489583189119213,0.156198209353625
"2019-12-04",9984,0.0595264865259814,0.49080875472508,0.146315882024469
"2019-12-05",9978,0.0569829143208662,0.497794462136882,0.145448595425749
"2019-12-06",9967,0.0609128660573484,0.485319667798873,0.151576980799866
"2019-12-07",9977,0.0577191234033768,0.483153790878747,0.149831078585909
"2019-12-08",9962,0.0601344934658245,0.470460283385143,0.159268175174795
"2019-12-09",9987,0.0646208456191138,0.479681922633722,0.153661196184848
"2019-12-10",9973,0.0654459397707011,0.449933892160489,0.163307330996983
"2019-12-11",9978,0.067908544386853,0.458174773705271,0.151632782062367
"2019-12-12",9980,0.0660241198406235,0.474881818345088,0.147317593203314
"2019-12-13",9971,0.0710694107313822,0.35436769785061,0.212717442371848
"2019-12-14",9970,0.0544923841507379,0.460233952546901,0.149807001564721
"2019-12-15",9969,0.0568353109247534,0.452754926714863,0.156307515181952
"2019-12-16",9977,0.058181014304959,0.479464420676178,0.150365057047457
"2019-12-17",9977,0.0597072614032576,0.479416472162716,0.154715933203369
"2019-12-18",9973,0.0584110320988941,0.489048925236042,0.156951946858751
"2019-12-19",9973,0.0555999068255942,0.486433066650044,0.152464048453185
"2019-12-20",9976,0.0584953711420277,0.502071966875957,0.158166850184498
"2019-12-21",9973,0.0565622313237237,0.505243503501359,0.153420068878712
"2019-12-22",9977,0.0567949470661721,0.48034138473985,0.160012910828303
"2019-12-23",9967,0.0555156887103583,0.486418676990221,0.155396481301319
"2019-12-24",9985,0.0511861357705381,0.550191330541123,0.146293447253354
"2019-12-25",9973,0.0417995401195456,0.655441151405159,0.12178710673735
"2019-12-26",9967,0.0531062584456947,0.501713231421084,0.158616304778482
"2019-12-27",9959,0.0558970274430939,0.474032571317148,0.161288994194429
"2019-12-28",9965,0.0570834748534472,0.473941811175837,0.154008594320314
"2019-12-29",9955,0.0562085118918845,0.460207152044055,0.161575234041791
"2019-12-30",9974,0.0622732225994816,0.479233595389761,0.16335737150464
"2019-12-31",9975,0.0579611618128135,0.510865382116981,0.153086058202954
"2020-01-01",9968,0.0468470147996232,0.609716488178309,0.119815532392933
"2020-01-02",9965,0.0571268196444326,0.476969532797115,0.15852991635292
"2020-01-03",9976,0.074002110368154,0.451355213101516,0.156396261607989
"2020-01-04",9977,0.064873332541317,0.460678123385663,0.161875430162885
"2020-01-05",9960,0.0657002111014904,0.45888588952861,0.164615257397908
"2020-01-06",9974,0.0666374445278218,0.487135049925793,0.158098160240696
"2020-01-07",9980,0.066262090015175,0.476515536837187,0.155440373608856
"2020-01-08",9969,0.0692950035227953,0.464789254635382,0.155105960809669
"2020-01-09",9980,0.059197772692775,0.472164337563371,0.15638201549237
"2020-01-10",9975,0.0576169248748825,0.491839546120339,0.149988330712164
"2020-01-11",9962,0.056900813418652,0.477718349162241,0.151607751509396
"2020-01-12",9973,0.0565092335564058,0.476073901328964,0.154917355711615
"2020-01-13",9978,0.0609992727250453,0.476251173508862,0.153769560201223
"2020-01-14",9981,0.0617404377836865,0.469870885147969,0.148802359362833
"2020-01-15",9971,0.0588830547362051,0.483712660928779,0.147404952552576
"2020-01-16",9973,0.0605636099718391,0.488596370392728,0.145430063628516
"2020-01-17",9976,0.0600420357196266,0.487747297293413,0.146574101796076
"2020-01-18",9975,0.0558860416291748,0.486585764927993,0.148506324832003
"2020-01-19",9966,0.0547111577705697,0.483523580303277,0.151372280007477
"2020-01-20",9971,0.0585787811942625,0.49699920885889,0.150048780262725
"2020-01-21",9974,0.0625908009629539,0.477673346277542,0.152062562639068
"2020-01-22",9983,0.0600577190324602,0.479109979512955,0.152627414320634
"2020-01-23",9967,0.0617751987355969,0.482096093370249,0.153945115004998
"2020-01-24",9973,0.059585892417862,0.507774408158631,0.144628208726285
"2020-01-25",9966,0.059375023354143,0.493139749918593,0.152964183799442
"2020-01-26",9975,0.0575351842772595,0.485973466065167,0.147430277785524
"2020-01-27",9976,0.0633676102451272,0.475260730124556,0.169118695690732
"2020-01-28",9974,0.0612470341882979,0.476311622398184,0.16352956435505
"2020-01-29",9965,0.061294330412509,0.486405742464176,0.147274694788224
"2020-01-30",9974,0.0610065395060061,0.473329326990508,0.162255580077021
"2020-01-31",9972,0.0603977271938471,0.481341161559222,0.155857597798145
"2020-02-01",9959,0.054658167731132,0.478593758293364,0.155873067114583
"2020-02-02",9972,0.058022563359967,0.480145384639154,0.152542197832713
"2020-02-03",9965,0.0652261655420736,0.486825983687232,0.152815244409113
"2020-02-04",9973,0.0652819422967754,0.480487004400083,0.145952118094975
"2020-02-05",9976,0.0597636916953821,0.490735736405883,0.143795217556983
"2020-02-06",9970,0.0638079320331712,0.488122128730262,0.154615952107666
"2020-02-07",9971,0.0601522574118471,0.510816696703928,0.14564317445382
"2020-02-08",9968,0.0594267146735893,0.500739525272833,0.147319356584564
"2020-02-09",9968,0.0768602298915073,0.458851424946871,0.165328246993996
"2020-02-10",9961,0.06544964212871,0.493177137617303,0.151012898698465
"2020-02-11",9964,0.0643173679471031,0.48156775308782,0.154651622686655
"2020-02-12",9974,0.0647837376035416,0.491498718670511,0.145643022567914
"2020-02-13",9977,0.0623306619636004,0.482846141085754,0.152043493568904
"2020-02-14",9968,0.0560755988308433,0.543478813066078,0.1378573052849
"2020-02-15",9968,0.0606757530301948,0.492453465091363,0.154227738290595
"2020-02-16",9970,0.0646295695726019,0.444297784795191,0.177153340177195
"2020-02-17",9969,0.0615785883620174,0.477285292760418,0.161008883749289
"2020-02-18",9977,0.062823006237571,0.466777931903934,0.158091900447949
"2020-02-19",9980,0.0618907897940699,0.478497889455337,0.158814451888363
"2020-02-20",9968,0.0643940214259845,0.477660977284973,0.162388348739111
"2020-02-21",9978,0.0598540219415446,0.493604975097087,0.156009979427345
"2020-02-22",9980,0.0576636434586389,0.490316229011568,0.154101015910047
"2020-02-23",9967,0.061565452144599,0.469772343937491,0.148399433320149
"2020-02-24",9969,0.064008241755771,0.486683462757468,0.152870543525376
"2020-02-25",9972,0.0629415861481115,0.487377703853252,0.154108206888584
"2020-02-26",9978,0.0629138259260831,0.484421882636749,0.153822267775968
"2020-02-27",9969,0.0624929651256718,0.498471557763679,0.14962360602527
"2020-02-28",9974,0.0621785901857152,0.503809375711398,0.151637914481767
"2020-02-29",9971,0.0632162477828747,0.488558714979412,0.153637757261054
"2020-03-01",9972,0.0616645636235104,0.479111791482122,0.154993244181541
"2020-03-02",9982,0.0662994544660705,0.486652059960522,0.151127581399386
"2020-03-03",9976,0.0660802687829187,0.49496398160713,0.142419826267739
"2020-03-04",9968,0.0646069407099907,0.484872885677745,0.147561976768526
"2020-03-05",9960,0.0633376629380295,0.503409136169102,0.14869947483314
"2020-03-06",9979,0.0608018002476516,0.5080159154098,0.143567216063516
"2020-03-07",9961,0.0628312555467911,0.495609703225477,0.150399595812195
"2020-03-08",9980,0.0637326300045307,0.505029722489644,0.144439443757147
"2020-03-09",9978,0.0651681596603996,0.479742603299904,0.153793645593033
"2020-03-10",9974,0.0735432915669692,0.475265809700092,0.158963911676483
"2020-03-11",9975,0.0727201763708535,0.4591430841857,0.162206267306341
"2020-03-12",9966,0.0836462822085941,0.43579701120687,0.170767295573426
"2020-03-13",9967,0.0875547575747731,0.420076513951315,0.180228718129487
"2020-03-14",9966,0.0848078254886053,0.445177835562185,0.172805486158213
"2020-03-15",9976,0.0935685998669807,0.423820833055593,0.180311464432685
"2020-03-16",9969,0.0910645153371308,0.424585583451097,0.188011153240957
"2020-03-17",9971,0.0940204844832456,0.4176873293009,0.199423135096647
"2020-03-18",9973,0.0841901439548039,0.445307315274357,0.190391006731226
"2020-03-19",9965,0.085050949644217,0.445087469566349,0.1840469684126
"2020-03-20",9971,0.0820475768334291,0.457357953068138,0.184172947195063
"2020-03-21",9973,0.0777249092884984,0.468491153752036,0.182407161137329
"2020-03-22",9978,0.0888463791697016,0.455836467452095,0.186480531542806
"2020-03-23",9971,0.0895274517343614,0.435000176601717,0.18642424076072
"2020-03-24",9963,0.0877059803021202,0.427315382805301,0.191242025971394
"2020-03-25",9974,0.0801237827804731,0.454714890870061,0.175801729304507
"2020-03-26",9975,0.0771361878460546,0.472073251904501,0.171792616499856
"2020-03-27",9966,0.0718780589284993,0.475292039096038,0.165789917801151
"2020-03-28",9968,0.0725869181003881,0.490685940555124,0.166788421862305
"2020-03-29",9995,0.0756164725409823,0.458454966259494,0.170081703655357
"2020-03-30",9969,0.0747172091425527,0.470683034805781,0.1755209605177
"2020-03-31",9980,0.0715033219385048,0.469791064671595,0.173343564317219
"2020-04-01",9974,0.0722023896174704,0.477096092503489,0.173196763640907
"2020-04-02",9973,0.0683207059123879,0.475919315968911,0.168266536625792
"2020-04-03",9973,0.0688299812336677,0.482830783727127,0.163488631488985
"2020-04-04",10607,0.0671130891704367,0.474698865692444,0.163408984944065
"2020-04-05",9976,0.0699642137235669,0.4544073628211,0.169522124650218
"2020-04-06",9970,0.0681145701297156,0.471004646514789,0.168126384313454
"2020-04-07",9967,0.0702017777513849,0.472559892041661,0.167879605176548
"2020-04-08",9958,0.070781725040925,0.477495646692618,0.166688708715944
"2020-04-09",9962,0.0708141742554616,0.471410941807527,0.170529255202728
"2020-04-10",9968,0.0671129163163417,0.499305596469955,0.15882489154395
"2020-04-11",9968,0.0697650089358937,0.480300610949643,0.166707062270115
"2020-04-12",9968,0.0641768114974841,0.505089148334876,0.157153168474392
"2020-04-13",9956,0.0724740551097514,0.455430725048562,0.168468924281045
"2020-04-14",9965,0.0731769496015001,0.472829580752796,0.167906647391383
"2020-04-15",9963,0.0659878360879834,0.472737998061874,0.162808115778568
"2020-04-16",9967,0.068444219185346,0.475407742476359,0.16307207596635
"2020-04-17",9979,0.0684726969170408,0.474645691700821,0.169639874728786
"2020-04-18",9978,0.0661644801139667,0.482626258561858,0.169151033692749
"2020-04-19",9974,0.0688706085657137,0.458924855264521,0.172418511543666
"2020-04-20",9976,0.0636122494466915,0.484496552815925,0.161380376405165
"2020-04-21",9961,0.0670733879658291,0.481176130310695,0.160224448147514
"2020-04-22",9966,0.0644867122090139,0.491559444339112,0.160053982296107
"2020-04-23",9969,0.06301928909331,0.50973620583949,0.148529103916209
"2020-04-24",9965,0.0656277303490431,0.49272586830989,0.15085606899801
"2020-04-25",9973,0.0670420697306371,0.482293889271094,0.156374523881157
"2020-04-26",9967,0.0646118638044312,0.480224206635195,0.156527400829566
"2020-04-27",9968,0.0648144349975732,0.482646253073886,0.159938880659718
"2020-04-28",9973,0.0686159924634045,0.477860175217426,0.167587321060029
"2020-04-29",9974,0.0678752388220991,0.481804898206986,0.165271046822589
"2020-04-30",9967,0.0622237676868206,0.500574375085272,0.155525666898701
"2020-05-01",9973,0.0651355841111878,0.508855648852514,0.153153408395823
"2020-05-02",9971,0.0593062510869469,0.498129358047559,0.156581119348911
"2020-05-03",9973,0.0669019829106808,0.474122796171544,0.161983358576947
"2020-05-04",9973,0.0661192994072017,0.491484302539796,0.157251966777166
"2020-05-05",9973,0.0645322111223555,0.479740520741524,0.157145286566943
"2020-05-06",9975,0.0680309903834256,0.476979941968318,0.166400352246898
"2020-05-07",9972,0.0697067617770457,0.484625712073317,0.162761387633375
"2020-05-08",9970,0.0645194657148916,0.494361896440194,0.157772258166941
"2020-05-09",9961,0.0688379926814062,0.471516250358366,0.165397218257815
"2020-05-10",9966,0.0752733035164048,0.44552363845979,0.165921551701224
"2020-05-11",9972,0.0768453450388956,0.427245157034607,0.175299923291366
"2020-05-12",9966,0.0654656455306974,0.470363327680932,0.160406224472092
"2020-05-13",9969,0.0759958036401904,0.464973945848364,0.168959822411917
"2020-05-14",9972,0.0681911406355593,0.487230745342253,0.157673586403912
"2020-05-15",9965,0.0675067529800183,0.487757129757358,0.159224697825514
"2020-05-16",9976,0.0657804366086538,0.486798768671538,0.154867387099376
"2020-05-17",9970,0.0688346735170395,0.467276437067082,0.159681191427564
"2020-05-18",9980,0.0679569612875479,0.483329293390864,0.165764061828962
"2020-05-19",9968,0.0654764684405705,0.481203524550697,0.162923695845186
"2020-05-20",9964,0.063943396580216,0.486281305389606,0.161966476642321
"2020-05-21",9965,0.0671877382602619,0.481728155373951,0.158828754798283
"2020-05-22",9960,0.064067465200276,0.493667515219936,0.159951192529121
"2020-05-23",9965,0.0716653664713612,0.445711260179749,0.173919863227506
"2020-05-24",9959,0.0686978580192731,0.434722219126566,0.166401995553543
"2020-05-25",9970,0.0692843145179016,0.42976882550107,0.168447855874556
"2020-05-26",9963,0.0730979001385112,0.421350107442798,0.171316350071507
"2020-05-27",9969,0.0699020763944692,0.447278772399334,0.161964311222018
"2020-05-28",9979,0.0713972104069414,0.431223592570078,0.166923813084409
"2020-05-29",9965,0.0737746197750572,0.446906740923397,0.167698533658013
"2020-05-30",9963,0.075416215681717,0.442171517649444,0.167845574584192
"2020-05-31",9970,0.084499619525411,0.41240432172587,0.170072709429106
"2020-06-01",9973,0.0780532147030562,0.44445353094503,0.163873506188055
"2020-06-02",9974,0.0789199971877146,0.394650569946679,0.173847828795542
"2020-06-03",9970,0.0743649913655646,0.418855208219812,0.167804034044109
"2020-06-04",9966,0.0767445710507773,0.424063729481576,0.166337105474452
"2020-06-05",9962,0.0717324573302196,0.438157087516569,0.169821056300585
"2020-06-06",9966,0.0655721950646655,0.44889012500818,0.159360497738551
"2020-06-07",10059,0.0765792239542641,0.404974700543611,0.169555568543862
"2020-06-08",9971,0.0677543662029863,0.429991039729397,0.165642960825404
"2020-06-09",9957,0.0661595143842402,0.445266539281831,0.164459804689964
"2020-06-10",9967,0.0660904251014021,0.443818594834164,0.169750398150256
"2020-06-11",9971,0.0697094366395227,0.437452330874956,0.166173062539856
"2020-06-12",9973,0.0668925590141014,0.44939877801683,0.165439706932785
"2020-06-13",9965,0.0657609124335811,0.457269077698807,0.159736913752897
"2020-06-14",9968,0.0744480546806931,0.431156983669123,0.171045918677589
"2020-06-15",9960,0.0667027119087545,0.466479670945769,0.162136938324807
"2020-06-16",9965,0.0668774584786895,0.454092134736951,0.167015358101551
"2020-06-17",9958,0.0647896239154426,0.470710322329279,0.164485210436817
"2020-06-18",9979,0.0635421927975576,0.460613564652176,0.170725566816981
"2020-06-19",9966,0.0644927551950986,0.483843693208672,0.151634790751822
"2020-06-20",9974,0.0611361727670636,0.475206456094558,0.161928429873394
"2020-06-21",9974,0.0697486123077486,0.472766288386639,0.164378623436983
"2020-06-22",9962,0.0652313225073026,0.470033943281672,0.156905002909593
"2020-06-23",9966,0.064957063675008,0.461937155556554,0.158800905438179
"2020-06-24",9971,0.0673881952386503,0.478631136896746,0.157089271038508
"2020-06-25",9974,0.0641590812437852,0.467498691027939,0.166930993924113
"2020-06-26",9970,0.0643300101666481,0.483336959225087,0.156427840838957
"2020-06-27",9977,0.0639620652395052,0.464829663736616,0.164159668463435
"2020-06-28",9972,0.0641785235790173,0.464706989878819,0.158004152247274
"2020-06-29",9965,0.067287751005512,0.46244503148618,0.159542846420127
"2020-06-30",9977,0.0684841376003286,0.450560421837731,0.159308047688139
"2020-07-01",9967,0.0622204321911957,0.476554296649304,0.15980296528685
"2020-07-02",9975,0.0645192957019467,0.47774980225144,0.160797510504685
"2020-07-03",9968,0.0640874258603776,0.482492669362933,0.154225631748631
"2020-07-04",9961,0.0656826971291618,0.483783382678513,0.152664803002652
"2020-07-05",9977,0.065256960008246,0.453886600546232,0.164748392657767
"2020-07-06",9967,0.0664274970981093,0.472733045888258,0.163799124141023
"2020-07-07",9971,0.0662153226197081,0.464778618820937,0.163168434660873
"2020-07-08",9966,0.0644939601064033,0.473550868381399,0.157590212317615
"2020-07-09",9976,0.065412858396115,0.481278364653,0.15627938398946
"2020-07-10",9969,0.0601849947815224,0.488175638961827,0.154434071340439
"2020-07-11",9981,0.0644347570584107,0.464428632595697,0.173533527494026
"2020-07-12",9962,0.0646437628561915,0.452152088773467,0.166232102347114
"2020-07-13",9974,0.0656023025174094,0.461667206066159,0.167210676077163
"2020-07-14",9970,0.0722056436117879,0.447734312038629,0.164454725306865
"2020-07-15",9963,0.0648509778047515,0.469712814799143,0.157023932918014
"2020-07-16",9960,0.0639106060775684,0.473974644893779,0.157910370715098
"2020-07-17",9980,0.0655772134546017,0.500114093540294,0.154831538263327
"2020-07-18",9972,0.06116884198449,0.495017274338448,0.156699026647909
"2020-07-19",9970,0.0632830563909217,0.470744923288558,0.154108575899145
"2020-07-20",9974,0.0667379298583139,0.470574596691842,0.157214330848163
"2020-07-21",9973,0.0670154285453954,0.456702183912181,0.159036810165202
"2020-07-22",9974,0.0617445170590917,0.476027514403403,0.155961402944352
"2020-07-23",9962,0.0634055773900425,0.476545085091334,0.161385245517246
"2020-07-24",9962,0.0619798980031851,0.482303440422245,0.154033262022165
"2020-07-25",9964,0.0660854063528683,0.466207991409831,0.1606169992051
"2020-07-26",9955,0.0663576775654439,0.464920451180398,0.159174375696655
"2020-07-27",9963,0.0603939971286177,0.482237603955426,0.158869183562182
"2020-07-28",9977,0.0619191528858439,0.484212933126597,0.153420064251771
"2020-07-29",9971,0.0631121304738625,0.48321327223145,0.148384642315102
"2020-07-30",9965,0.0649921207282376,0.478855347061905,0.157003550037996
"2020-07-31",9965,0.0610257169107384,0.482520404335027,0.156755448458751
"2020-08-01",9967,0.0619318931896789,0.494037151553414,0.146508673895131
"2020-08-02",9960,0.0642812956998185,0.4635585111675,0.157971232046348
"2020-08-03",9965,0.0657581118274824,0.47765732954087,0.163050107934759
"2020-08-04",9976,0.0653415328677616,0.474146580437052,0.156519596114916
"2020-08-05",9963,0.0682816437225931,0.472059974971781,0.163204587725866
"2020-08-06",9970,0.0632989053227009,0.48090765532981,0.156775138836152
"2020-08-07",9968,0.0638275528809144,0.484576708039773,0.155574307155296
"2020-08-08",9966,0.0624535445805728,0.469914300102615,0.158937662451056
"2020-08-09",9969,0.0640174515117333,0.46473649205733,0.157916991590284
"2020-08-10",9966,0.0676818774948369,0.462087058764017,0.158689525232583
"2020-08-11",9972,0.0690359511076159,0.45966214988102,0.159519878340161
"2020-08-12",9974,0.0713899159528215,0.459110259015736,0.171867958962331
"2020-08-13",9966,0.0636974910885854,0.488506185052389,0.16749535255099
"2020-08-14",9965,0.0628474509817578,0.469157249789241,0.164023291459774
"2020-08-15",9972,0.0614346521273987,0.472895373131193,0.162125218235947
"2020-08-16",9963,0.0674374265529919,0.456407602015655,0.170964477617699
"2020-08-17",9973,0.0626000258719004,0.457772043060188,0.161564971795249
"2020-08-18",9966,0.0630346546389319,0.461817563903509,0.158889493680039
"2020-08-19",9975,0.0655279236342548,0.482667034297182,0.154045286477639
"2020-08-20",9971,0.063928156640027,0.490211608767836,0.153851056401029
"2020-08-21",9961,0.0650944113110857,0.475633740488825,0.158038199383988
"2020-08-22",9975,0.0614051269928669,0.478561157188641,0.155055209196098
"2020-08-23",9970,0.0651126624511058,0.475183996767171,0.155135598869136
"2020-08-24",9971,0.068327006941403,0.465940132670843,0.160469651477021
"2020-08-25",9972,0.0655970928541844,0.469115506280317,0.15939182209139
"2020-08-26",9967,0.066397715281331,0.462327494551226,0.159458496895964
"2020-08-27",9968,0.0662348046955368,0.466303772471149,0.162068237751866
"2020-08-28",9965,0.0647025488793918,0.481857079186735,0.153298935648865
"2020-08-29",9967,0.066329418627162,0.457613748210458,0.205950902605183
"2020-08-30",9973,0.0647136039469409,0.463600342651988,0.158871055158438
"2020-08-31",9970,0.0621121866688866,0.485370707001131,0.151566729118273
"2020-09-01",9963,0.0621855150541202,0.486948443866032,0.157184944442023
"2020-09-02",9964,0.0629355464504714,0.473128208241569,0.156561511465103
"2020-09-03",9967,0.0641032640928555,0.466734319721938,0.158145597028711
"2020-09-04",9968,0.0614729143782786,0.481568906783405,0.15345840913634
"2020-09-05",9955,0.0588051134615227,0.477530739526025,0.151142044700362
"2020-09-06",9859,0.0687046077119355,0.469296264268501,0.152421134955088
"2020-09-07",9973,0.066403871959124,0.48978550958009,0.153509980015526
"2020-09-08",9973,0.0675040579381498,0.45859757325604,0.159430673950097
"2020-09-09",9963,0.0703679776662717,0.449613115219213,0.160895443594937
"2020-09-10",9963,0.0705307145058327,0.463213346766635,0.161303129515691
"2020-09-11",9964,0.0654918782603524,0.480647293818714,0.16104293800846
"2020-09-12",9982,0.0620052885093495,0.477499178830986,0.153496634252915
"2020-09-13",9964,0.0630076516170806,0.456496445307785,0.15682455212994
"2020-09-14",9974,0.0686109441368778,0.455765535830948,0.157439895262445
"2020-09-15",9963,0.0651218951992217,0.449344316443315,0.158842356985364
"2020-09-16",9968,0.065595060883737,0.467726283965185,0.158847609149351
"2020-09-17",9976,0.0669306412138244,0.467415201606153,0.151454522315231
"2020-09-18",9964,0.0668209187882477,0.47576619352442,0.151355501956376
"2020-09-19",9970,0.0609189395775209,0.475151798671362,0.159132873166867
"2020-09-20",9966,0.0607798395652013,0.454947608220804,0.161292937483926
"2020-09-21",9958,0.0686343208794081,0.469631091823395,0.154925887609708
"2020-09-22",9980,0.0683500790876327,0.451275163843237,0.164016151488308
"2020-09-23",9976,0.0674392320823189,0.467301890219138,0.155812000021688
"2020-09-24",9973,0.06531438748659,0.473886406090922,0.156657227548084
"2020-09-25",9956,0.0655216345403781,0.473025890039896,0.163350214825844
"2020-09-26",9968,0.0636859472451761,0.474824312669863,0.156087149552931
"2020-09-27",9960,0.0669164569136298,0.459700361545311,0.16002678460903
"2020-09-28",9958,0.0640230344127333,0.464249184703278,0.156220826647361
"2020-09-29",9974,0.0673797945148612,0.474365920501912,0.153715037087025
"2020-09-30",9976,0.0644421151773771,0.456591296170561,0.158880995234071
"2020-10-01",9964,0.0646677147824729,0.489929024438529,0.154385583580104
"2020-10-02",9964,0.0651765580128376,0.483589017782521,0.149101340546044
"2020-10-03",9969,0.06295035466644,0.48133221676306,0.155249032976956
"2020-10-04",9967,0.0623736491230857,0.469058967276242,0.16397746161193
"2020-10-05",9978,0.0637202483955495,0.450814489554177,0.169821604044166
"2020-10-06",9972,0.0669435702139751,0.449501670816093,0.16570925645426
"2020-10-07",9970,0.0613917284724891,0.484402346492669,0.155928061114822
"2020-10-08",9968,0.0671462020765909,0.473120058000018,0.15701128086661
"2020-10-09",9976,0.0610803983882559,0.50098334456695,0.150384205962652
"2020-10-10",9969,0.0657561208690949,0.492121997184934,0.160620883610566
"2020-10-11",9975,0.0638400044633988,0.473269905804748,0.157322905940379
"2020-10-12",9974,0.0648563763034686,0.467724904832603,0.153955954103763
"2020-10-13",9975,0.067175182773776,0.456307646873078,0.157521116418687
"2020-10-14",9967,0.0651728152403171,0.464436260703651,0.153920716975883
"2020-10-15",9966,0.0666740957807583,0.463769286136539,0.15499985841523
"2020-10-16",9966,0.0616773527999667,0.473171635680251,0.154598282911621
"2020-10-17",9965,0.0640786013034933,0.470905831991067,0.154994230119701
"2020-10-18",9970,0.0650188303750369,0.448486372638115,0.158997734634223
"2020-10-19",9959,0.0681992209203212,0.46941596767594,0.161758178024074
"2020-10-20",9966,0.0655480736105432,0.476368324005801,0.15692494522659
"2020-10-21",9968,0.0701951223144771,0.456053062953407,0.171487507197021
"2020-10-22",9971,0.0649606363414333,0.43635641631279,0.184315541426326
"2020-10-23",9952,0.0604681296864968,0.478957598822393,0.160800378448535
"2020-10-24",9961,0.0590500456092189,0.4633119943112,0.164059945174346
"2020-10-25",9967,0.0644320898340335,0.455171393617428,0.167542755023769
"2020-10-26",9950,0.0633539546119727,0.474417423134384,0.160527548906276
"2020-10-27",9966,0.0665408965524013,0.465080652885835,0.156686848159892
"2020-10-28",9970,0.0680917923359466,0.467430116822102,0.157129663785809
"2020-10-29",9972,0.0753038480638094,0.456898149398185,0.164730182901241
"2020-10-30",9958,0.0720071424771478,0.47711208975658,0.15112621606088
"2020-10-31",9963,0.0851346468805981,0.460397140788847,0.170718836627953
"2020-11-01",9975,0.0749137219359438,0.443810546722469,0.17316915785162
"2020-11-02",9960,0.0731424413244771,0.464520719654593,0.160834228859952
"2020-11-03",9971,0.0771246039126506,0.453214017511765,0.157196894006476
"2020-11-04",9977,0.0843143217960796,0.395662746730573,0.164371724942544
"2020-11-05",9971,0.0733681155049469,0.455160445430418,0.156616242484266
"2020-11-06",9970,0.0722681618278971,0.445518416190879,0.154185701246955
"2020-11-07",9976,0.0672480985200949,0.470156455955797,0.147838740197488
"2020-11-08",9970,0.0589195691195406,0.463011388454029,0.156839078712467
"2020-11-09",9979,0.064817974060076,0.470047013637858,0.149643642889605
"2020-11-10",9962,0.0634186856464228,0.46297154274842,0.155482219150937
"2020-11-11",9967,0.0641904252175731,0.467006661395685,0.169794815874834
"2020-11-12",9969,0.0658472725883471,0.458568388857755,0.16484848166317
"2020-11-13",9964,0.0617821927576131,0.489493745907137,0.148828776668777
"2020-11-14",9965,0.0587632438815691,0.49362359483681,0.1491742975195
"2020-11-15",9971,0.0649219036729368,0.461033001916048,0.155992705482078
"2020-11-16",9977,0.0650069680932238,0.468524945272383,0.156660701982255
"2020-11-17",9970,0.0650450908349896,0.465284487044877,0.155708520119828
"2020-11-18",9982,0.0621147858949478,0.46751611796006,0.158873998001656
"2020-11-19",9970,0.0649413216787467,0.463578901260717,0.160144637008417
"2020-11-20",9966,0.0610900964064718,0.475375584086308,0.159441004650059
"2020-11-21",9968,0.0599696063127632,0.477565178112592,0.15681827089978
"2020-11-22",9968,0.0595732736858723,0.466215775632458,0.160385766928362
"2020-11-23",9963,0.0601306653518789,0.486598445095678,0.157307107757407
"2020-11-24",9974,0.0626574815903537,0.480730291277813,0.151784718806704
"2020-11-25",9977,0.0637371771442115,0.484341220750415,0.154571870734981
"2020-11-26",9979,0.0609042212925925,0.466862974332629,0.163006932365035
"2020-11-27",9973,0.0596305701506178,0.512726070374431,0.15090178757765
"2020-11-28",9970,0.0589870553008574,0.495662926008591,0.154644308119011
"2020-11-29",9965,0.0606408765787574,0.477968121398369,0.163820378876285
"2020-11-30",9969,0.061500320922256,0.499256451606736,0.167729252246965
"2020-12-01",9979,0.0602324378489455,0.499875405219467,0.150021754323019
"2020-12-02",9975,0.0637052455480575,0.502388206040755,0.142879830524069
"2020-12-03",9976,0.0631818232127258,0.494681697530757,0.146537757824948
"2020-12-04",9979,0.059279345898326,0.507824284818328,0.146077158614021
"2020-12-05",9977,0.0580662690593406,0.502563612549931,0.149751917754794
"2020-12-06",9971,0.0618481983086446,0.465203169926283,0.162063832664399
"2020-12-07",9968,0.0625783102548091,0.483099739770589,0.153550190771629
"2020-12-08",9975,0.0606252495030713,0.483830162862801,0.155243562128638
"2020-12-09",9967,0.0620542902859119,0.482198849721657,0.155478503179592
"2020-12-10",9956,0.0592677755316443,0.485908514192918,0.158913561769386
"2020-12-11",9966,0.0618432019382975,0.47642676574849,0.171463615295758
"2020-12-12",9965,0.0593346829230035,0.477305891713743,0.156406756973584
"2020-12-13",9978,0.0582517671197874,0.466606303750555,0.152330227644319
"2020-12-14",9969,0.0622150590126489,0.461650572791565,0.173807236507134
"2020-12-15",9979,0.0640882849504017,0.477565249262256,0.158322893192675
"2020-12-16",9976,0.0622690144900975,0.477570380481214,0.158821069866064
"2020-12-17",9962,0.0566905514949834,0.478682520476117,0.156985471050433
"2020-12-18",9981,0.0592521608523381,0.494149219633262,0.152481121423845
"2020-12-19",9956,0.0605190223624905,0.481484529049014,0.151687824260656
"2020-12-20",9966,0.0675729601178569,0.441367219014079,0.169540275502746
"2020-12-21",9983,0.0710899232005908,0.459604730333173,0.163888687085364
"2020-12-22",9963,0.0671025880594094,0.465421456940782,0.157547177621105
"2020-12-23",9977,0.0610357115335359,0.48379915911102,0.158045546876852
"2020-12-24",9965,0.0537108824416714,0.52542574223269,0.148379365370127
"2020-12-25",9957,0.039959726378706,0.657226779715435,0.11983105277079
"2020-12-26",9959,0.0560077181161365,0.489916613171456,0.161047049170967
"2020-12-27",9969,0.059449294006335,0.45275893407396,0.172578749756722
"2020-12-28",9965,0.0637262483503648,0.437844522633935,0.171598415022877
"2020-12-29",9956,0.0648719289115936,0.439534102581104,0.171413005057947
"2020-12-30",9963,0.0670237086590063,0.441150173266044,0.165556608943252
"2020-12-31",9969,0.0626254938973226,0.488983186402081,0.161993452576465
"2021-01-01",9965,0.0472056498879551,0.605528981333698,0.120485164385746
"2021-01-02",9977,0.0677485161639427,0.437108553568395,0.167678517850113
"2021-01-03",9961,0.0778097848620495,0.429729528456522,0.17068655862768
"2021-01-04",9973,0.0789695130631334,0.433793805177023,0.173620200539346
"2021-01-05",9963,0.0773317519659593,0.419363419067458,0.180876612334051
"2021-01-06",9967,0.0730554822823551,0.442461352984037,0.165898389421912
"2021-01-07",9980,0.0842095621265268,0.393575269866384,0.163670578832378
"2021-01-08",9960,0.0736595791675785,0.440653987854363,0.161457841424552
"2021-01-09",9972,0.0699320947650304,0.437225496059878,0.16357378804727
"2021-01-10",9974,0.072406754150223,0.431830489628445,0.167325776774509
"2021-01-11",9968,0.0715511920320816,0.436777802399443,0.169343589769399
"2021-01-12",9972,0.0695219441800644,0.433474298561828,0.167670068797028
"2021-01-13",9968,0.0667118125460822,0.434581386595504,0.165125033158222
"2021-01-14",9970,0.0648960422618988,0.44797020332748,0.163892529561622
"2021-01-15",9970,0.0664980522149493,0.463036150788833,0.156679887483408
"2021-01-16",9968,0.0646919029474949,0.469018976437734,0.158859235896799
"2021-01-17",9965,0.064423011689901,0.457326018589854,0.158512475741062
"2021-01-18",9958,0.0648560806475557,0.466703394196976,0.163752127777777
"2021-01-19",9968,0.0684564431633839,0.45159008469382,0.164525534493224
"2021-01-20",9965,0.0665499761387658,0.451296636324528,0.159803509420836
"2021-01-21",9972,0.0654902646815026,0.451651796924151,0.157650055798476
"2021-01-22",9971,0.0624464869951377,0.459231556242608,0.158776497889332
"2021-01-23",9972,0.0660402199383642,0.466513499013871,0.162252682697598
"2021-01-24",9966,0.0663146952436067,0.454930135202552,0.162757655537911
"2021-01-25",9969,0.0666862350802906,0.448721146711533,0.173774200525905
"2021-01-26",9965,0.0660183951916759,0.461001026484401,0.159256383207789
"2021-01-27",9971,0.0717857036615426,0.446929019900588,0.172311163007392
"2021-01-28",9977,0.0632762736024431,0.45452244081443,0.160889693542329
"2021-01-29",9964,0.0595753560772568,0.478475644912193,0.15494955556022
"2021-01-30",9971,0.0613099683636317,0.481331436404012,0.158196045848039
"2021-01-31",9967,0.0616042155061797,0.463743515133575,0.162274582643435
"2021-02-01",9952,0.0625720015047044,0.483812896130613,0.151921582537988
"2021-02-02",9967,0.0658393944817073,0.471959124104032,0.160919020837264
"2021-02-03",9960,0.06031126523832,0.467241628584887,0.158172524449765
"2021-02-04",9969,0.0630110462432511,0.464723763225491,0.159234471815549
"2021-02-05",9967,0.0674075247445507,0.489899911093974,0.15100214394318
"2021-02-06",9957,0.0618470023121934,0.476069006097786,0.150377031700256
"2021-02-07",9971,0.061063061875068,0.460981564908437,0.162960373679956
"2021-02-08",9970,0.0581360729491521,0.473981674108193,0.154339147147133
"2021-02-09",9970,0.0703993519010135,0.467897160525275,0.157451183133041
"2021-02-10",9976,0.0654002736953081,0.473448651521767,0.158767487353959
"2021-02-11",9964,0.0649136916988642,0.473715986289238,0.155968638886754
"2021-02-12",9974,0.0635140236791228,0.486304987203547,0.15406312488737
"2021-02-13",9967,0.0690681536682791,0.474161332810176,0.152296516619431
"2021-02-14",9967,0.064638405584198,0.497466204224698,0.156061618251544
"2021-02-15",9960,0.0695320132587654,0.473988795500746,0.157405432993074
"2021-02-16",9972,0.0656870334941247,0.465617092400345,0.154944831367429
"2021-02-17",9960,0.0599378765444856,0.475341263076479,0.153977481847412
"2021-02-18",9971,0.0642381435040335,0.469618072336632,0.154938094862325
"2021-02-19",9974,0.0607743868051406,0.478233614163822,0.154615087910909
"2021-02-20",10091,0.0638200224160685,0.479554082629981,0.152667326117213
"2021-02-21",9964,0.0610739555155979,0.455585461240073,0.157582041944732
"2021-02-22",9967,0.0668550333960283,0.467307465650197,0.157290868106151
"2021-02-23",9961,0.066387618713345,0.465725134177915,0.151587462259051
"2021-02-24",9963,0.0659669597853406,0.464656728695092,0.154346654950036
"2021-02-25",9968,0.0626767654345449,0.470196636103118,0.149829099830388
"2021-02-26",9962,0.0625801033960036,0.492569397309575,0.147258083562891
"2021-02-27",9962,0.0642379166444821,0.483282318972977,0.151175031840045
"2021-02-28",9948,0.0603305416679948,0.470776549027261,0.155300508311332
"2021-03-01",9966,0.0634049296337457,0.494850105477029,0.152657233259461
"2021-03-02",9963,0.0587086459465778,0.478475831138451,0.152142343403858
"2021-03-03",9972,0.0643888286434005,0.461046759691747,0.156425536509718
"2021-03-04",9966,0.0620427857382164,0.486682182253806,0.151924772256122
"2021-03-05",9973,0.057789933033471,0.489533587275421,0.14915026798655
"2021-03-06",9975,0.0575133917216249,0.482782500666694,0.153597935311412
"2021-03-07",9967,0.0628919252541187,0.460503255232436,0.159031272036441
"2021-03-08",9962,0.0619713115295866,0.47879678620773,0.156439167398003
"2021-03-09",9971,0.0627405675153123,0.449503010711594,0.157224859325535
"2021-03-10",9977,0.0666804339604317,0.456341532426235,0.158416568833532
"2021-03-11",9968,0.0834967487167992,0.437022468413847,0.167973305019097
"2021-03-12",9958,0.0751045964534357,0.461217058643053,0.157544843124626
"2021-03-13",9962,0.0715576609345871,0.469870523729854,0.159528530203028
"2021-03-14",9962,0.0828508689372606,0.435499141839457,0.171572116879077
"2021-03-15",9966,0.0749236315550592,0.458155779806542,0.162298595361703
"2021-03-16",9970,0.0719325402204839,0.461493853212274,0.153513584473979
"2021-03-17",9971,0.072020481131154,0.479539920677577,0.149279268146344
"2021-03-18",9966,0.0663937342264312,0.47456904172698,0.148496628701525
"2021-03-19",9976,0.0617198395959164,0.47849867223244,0.143033446579801
"2021-03-20",9969,0.0652419196565746,0.486068602265449,0.147224549761606
"2021-03-21",9958,0.0640785119559626,0.462787489339172,0.151083781916311
"2021-03-22",9969,0.0704580092475282,0.459766425295333,0.152804241595432
"2021-03-23",9966,0.0698658785777883,0.455998786072972,0.171567912139924
"2021-03-24",9966,0.0697056173286504,0.463312642861958,0.156989167438556
"2021-03-25",9970,0.0622673706717099,0.472695407649878,0.154192250955933
"2021-03-26",9973,0.063819211158777,0.494208662077806,0.144629078625589
"2021-03-27",9954,0.0757255602632916,0.462868604279221,0.148317811679247
"2021-03-28",9998,0.0674574375281631,0.454702903484454,0.156824226608954
"2021-03-29",9978,0.0619430667351993,0.486204484864909,0.148444742986515
"2021-03-30",9975,0.0637176515208674,0.476644295025576,0.148198751739488
"2021-03-31",9967,0.0633033391622371,0.474360478289982,0.148362013844125
"2021-04-01",9957,0.0608408352899367,0.498203224247658,0.139874282689058
"2021-04-02",9959,0.0632409942369695,0.495224439897549,0.143922468975823
"2021-04-03",9961,0.0599833863680638,0.480424271078442,0.147756560743422
"2021-04-04",9964,0.0598032235208626,0.512504599647615,0.140402077729067
"2021-04-05",9967,0.0660556384074869,0.471342884918497,0.153991964303691
"2021-04-06",9959,0.0648275458031955,0.464573811243492,0.16770026023843
"2021-04-07",9968,0.0692143513846163,0.464859126524109,0.154538014050287
"2021-04-08",9970,0.0659888227192521,0.477732111323147,0.149365952527284
"2021-04-09",9969,0.0651992023475479,0.464501524105881,0.182849111578527
"2021-04-10",9964,0.0600046007728686,0.479073408804447,0.163505686627816
"2021-04-11",9954,0.0597749796658126,0.483044430504318,0.149259029682258
"2021-04-12",9968,0.0604929959928884,0.49271793718183,0.149059128227458
"2021-04-13",9965,0.0650219577584282,0.489602232743821,0.146377604509979
"2021-04-14",9957,0.0641516144488734,0.482294254933685,0.153564162716346
"2021-04-15",9970,0.067252356310018,0.484302282983379,0.153277245523182
"2021-04-16",9960,0.0655684161521748,0.48792274044137,0.148911426524467
"2021-04-17",9959,0.0639985389019327,0.492083573081896,0.16088774407405
"2021-04-18",9954,0.0639048815647786,0.47688501411755,0.151445977789816
"2021-04-19",9952,0.0679729750863596,0.422111014018445,0.176052560471005
"2021-04-20",9966,0.0624924609976236,0.459499551219189,0.153763678612138
"2021-04-21",9973,0.0631204498645951,0.457231631467046,0.152832630670146
"2021-04-22",9967,0.066292476465308,0.493909897388056,0.141527612843615
"2021-04-23",9962,0.0621599430048414,0.50749839040506,0.141838165594498
"2021-04-24",9968,0.0662987907352125,0.479486342155181,0.149566146434606
"2021-04-25",9961,0.0721211191056086,0.454291017979499,0.159464177641489
"2021-04-26",9958,0.068541052431136,0.470388015865933,0.151492126075902
"2021-04-27",9967,0.0683910541876037,0.469584566679372,0.15408895165012
"2021-04-28",9978,0.0669230533423947,0.471623321269696,0.151792668049783
"2021-04-29",9960,0.0661695290755445,0.479979795602275,0.14664012316221
"2021-04-30",9968,0.0652304833081223,0.497911694058844,0.150394347546643
"2021-05-01",9952,0.0692862697856993,0.483053131967249,0.153581263619794
"2021-05-02",9954,0.0713978203264919,0.463982540271701,0.153579795302811
"2021-05-03",9962,0.0649508217718947,0.462898753554748,0.156931981291705
"2021-05-04",9956,0.0640444345887384,0.475020883605595,0.153212541120412
"2021-05-05",9962,0.0653592002300492,0.484185836454167,0.153207868965049
"2021-05-06",9963,0.0647026909316667,0.483969338299035,0.146263003883649
"2021-05-07",9973,0.0648502494379478,0.448578295892794,0.162490749308407
"2021-05-08",9956,0.0621908009426452,0.476041984000603,0.15451553397846
"2021-05-09",9958,0.0672341102554956,0.442362349804908,0.158396365455406
"2021-05-10",9969,0.0661052951702775,0.470904040952742,0.15578783587956
"2021-05-11",9966,0.0726001765633946,0.4621192047715,0.161305961039434
"2021-05-12",9962,0.0747790406305987,0.474405923652501,0.156265230309588
"2021-05-13",9970,0.0729902278043544,0.478355712899423,0.155235162399228
"2021-05-14",9965,0.0695185023805756,0.488289972360417,0.156025077144387
"2021-05-15",9954,0.0737197807208936,0.477688491064893,0.162243517700338
"2021-05-16",9959,0.0706864358534388,0.458555127412529,0.159501677259078
"2021-05-17",9962,0.0764432435160914,0.475841741497857,0.155861053502361
"2021-05-18",9952,0.0800392281411978,0.457884030792598,0.158633165212351
"2021-05-19",9955,0.0714167105419784,0.47602041902032,0.154649042894529
"2021-05-20",9964,0.071273910287564,0.472583051667044,0.15548619597102
"2021-05-21",10310,0.0673716324565582,0.494292333766586,0.154990339983188
"2021-05-22",10347,0.0673968492954086,0.481922269151522,0.157884938102216
"2021-05-23",9991,0.0673016473980213,0.462617832721747,0.158319064006353
"2021-05-24",9992,0.0735115775077997,0.479158249883945,0.161044145549375
"2021-05-25",9989,0.073585797107337,0.465372883782558,0.157900825738258
"2021-05-26",9991,0.0721491861483859,0.461916131951221,0.157553474060636
"2021-05-27",9991,0.0690656862706475,0.47446665233486,0.158350766232153
"2021-05-28",9993,0.0681009819583585,0.491132858583756,0.148412568202643
"2021-05-29",9990,0.0676658515099823,0.491468364624765,0.150667778327404
"2021-05-30",9988,0.0654312418301023,0.480309577850244,0.155080444923587
"2021-05-31",9987,0.0703355177305569,0.478666742502071,0.156199453127229
"2021-06-01",9992,0.0682809028698134,0.494632808197433,0.152275511707508
"2021-06-02",9993,0.0680950015668293,0.479137189595221,0.152247415883078
"2021-06-03",9993,0.066209714893281,0.48211246402908,0.15299898631203
"2021-06-04",9997,0.0703630513308148,0.482497732145066,0.148689662043231
"2021-06-05",9985,0.0656898537203348,0.483212165802668,0.141594939269699
"2021-06-06",9990,0.0733681693436516,0.450362175698877,0.154103071907548
"2021-06-07",9991,0.0640504037925918,0.483251650927868,0.147686689625179
"2021-06-08",9997,0.066572492495735,0.475562482858699,0.150872529414473
"2021-06-09",9996,0.0643275884002421,0.476920103043618,0.146613445360293
"2021-06-10",9995,0.0664734050350705,0.481255375441009,0.151951370383715
"2021-06-11",9996,0.0662570605686828,0.497773012385264,0.145510391833834
"2021-06-12",9988,0.0663787451178224,0.492447744000299,0.141686612172943
"2021-06-13",9990,0.0642463316758625,0.465144118832718,0.15286468646005
"2021-06-14",9995,0.0704516694923651,0.47057076875408,0.155770476383139
"2021-06-15",9997,0.0718948713029092,0.465711179814626,0.15342135026566
"2021-06-16",9996,0.0729542493978183,0.471592141692308,0.153389897605404
"2021-06-17",9996,0.0727782383090663,0.466285153656931,0.153982040738526
"2021-06-18",9995,0.0616603204237915,0.489077563097451,0.141805145604999
"2021-06-19",9992,0.0775277132289441,0.464806306466926,0.156659486072308
"2021-06-20",9996,0.0637394275766013,0.482575478702365,0.15548075620231
"2021-06-21",9988,0.0726525525815133,0.470176465982555,0.155797995172361
"2021-06-22",9994,0.076094465023456,0.465966199725207,0.161173986091217
"2021-06-23",9994,0.068973744276849,0.47343379328597,0.149475496394942
"2021-06-24",9994,0.0702412193739147,0.478404257072307,0.150245835500572
"2021-06-25",9990,0.0678486980803675,0.473471501145435,0.150113693976929
"2021-06-26",9990,0.071772712247166,0.473939706576688,0.147346541183946
"2021-06-27",9991,0.0702128850256322,0.455896408060085,0.155851357670841
"2021-06-28",9992,0.0696525756012635,0.472185888943318,0.153973980535956
"2021-06-29",9993,0.0764139013299941,0.47444824567131,0.151540018344374
"2021-06-30",9996,0.0719432934119188,0.478783481611312,0.151362213803584
"2021-07-01",9986,0.0637234627856001,0.490272080332066,0.145949667973416
"2021-07-02",9994,0.0650567671109224,0.49134503879095,0.145591332609389
"2021-07-03",9994,0.0697496357723879,0.476405191491579,0.152818862894074
"2021-07-04",9990,0.0697249421442918,0.467752100361922,0.156291518576729
"2021-07-05",9996,0.0727585846249013,0.471345642014185,0.157392649584948
"2021-07-06",9992,0.0775244817628143,0.451228472880783,0.158512971821689
"2021-07-07",9895,0.073543281786247,0.477153521725821,0.151340148759337
